"CustomerId","CustomerValue"
"C22981","High"
"C28576","Low"
"C23809","Low"
"C29339","Low"
"C30598","Low"
"C21378","Medium"
"C24624","High"
"C29374","Low"
"C24782","Medium"
"C24140","Medium"
"C30660","Low"
"C24117","Medium"
"C26256","Low"
"C24931","Medium"
"C21764","Medium"
"C29398","Low"
"C22699","Medium"
"C21357","Medium"
"C23236","Medium"
"C30642","Low"
"C29351","Low"
"C26313","Low"
"C25425","Low"
"C30802","Low"
"C26158","Low"
"C26375","Low"
"C24716","Medium"
"C25052","High"
"C22979","High"
"C22046","Medium"
"C30666","Low"
"C29394","Low"
"C26297","Low"
"C28581","Low"
"C21255","High"
"C24264","High"
"C27374","Low"
"C22503","Medium"
"C23149","Medium"
"C22606","High"
"C22017","Medium"
"C23819","High"
"C23814","High"
"C23530","High"
"C22077","High"
"C21993","Medium"
"C22612","Medium"
"C24177","Low"
"C22811","Medium"
"C28823","High"
"C21377","High"
"C24000","High"
"C28580","Low"
"C21883","High"
"C24805","Medium"
"C22434","High"
"C21919","High"
"C27337","Low"
"C29340","Low"
"C23562","Medium"
"C26173","Medium"
"C21703","High"
"C23618","Medium"
"C22855","High"
"C28634","Medium"
"C24035","Medium"
"C28614","Low"
"C28623","Low"
"C27496","Low"
"C23975","Medium"
"C27332","Low"
"C25273","High"
"C26348","Low"
"C21118","Medium"
"C24212","High"
"C22515","High"
"C23588","Medium"
"C25129","High"
"C23372","Medium"
"C21806","High"
"C22664","High"
"C26171","Low"
"C23813","Medium"
"C27459","Medium"
"C21750","Medium"
"C23932","Medium"
"C30701","Low"
"C29306","Low"
"C29278","Low"
"C22223","Medium"
"C21930","High"
"C25439","Medium"
"C23308","High"
"C26117","Low"
"C23127","High"
"C22305","Low"
"C27425","Low"
"C21691","Medium"
"C30839","Low"
"C24437","Medium"
"C25020","High"
"C23214","Low"
"C24281","High"
"C30562","Low"
"C24242","High"
"C29279","Medium"
"C29375","Low"
"C25070","Medium"
"C23753","High"
"C22031","High"
"C29455","Low"
"C23011","Medium"
"C21461","Medium"
"C29503","Low"
"C26361","Low"
"C22001","Low"
"C24664","High"
"C29525","Low"
"C24913","High"
"C23704","Medium"
"C25357","Medium"
"C23109","Medium"
"C23050","High"
"C22497","Medium"
"C23472","High"
"C30838","Low"
"C22070","Medium"
"C21669","High"
"C21994","High"
"C26227","Low"
"C25111","Medium"
"C29260","High"
"C26157","Low"
"C27215","Low"
"C24467","Medium"
"C25434","Medium"
"C28604","Low"
"C27409","Low"
"C30630","Low"
"C23917","Medium"
"C23064","Medium"
"C23719","Medium"
"C21173","High"
"C22263","Medium"
"C28681","Low"
"C22560","Medium"
"C22613","Medium"
"C21575","Medium"
"C22654","Medium"
"C26381","Low"
"C28695","Low"
"C24303","High"
"C23592","Low"
"C22656","Low"
"C21792","High"
"C23599","High"
"C30840","Low"
"C22466","High"
"C23944","High"
"C22472","High"
"C24321","Low"
"C23339","High"
"C25323","High"
"C23486","Medium"
"C23345","Low"
"C24530","Medium"
"C26402","Low"
"C22489","Medium"
"C23723","High"
"C22755","Medium"
"C25151","Medium"
"C22257","Medium"
"C28741","Low"
"C27223","Low"
"C25453","Medium"
"C25061","High"
"C23456","High"
"C24489","High"
"C28779","Low"
"C24820","Low"
"C28639","Low"
"C23051","Medium"
"C26263","Low"
"C22745","Low"
"C24904","Medium"
"C24167","Low"
"C22744","High"
"C24707","Low"
"C29295","Low"
"C29249","Low"
"C22804","Medium"
"C23090","High"
"C30600","Low"
"C25057","Medium"
"C29385","Low"
"C24059","High"
"C23669","Medium"
"C25349","Medium"
"C22042","Low"
"C24746","High"
"C22586","High"
"C29477","Low"
"C24941","High"
"C24369","Medium"
"C23643","Medium"
"C28778","Low"
"C23377","High"
"C22875","Medium"
"C22160","High"
"C22167","High"
"C24155","High"
"C22669","High"
"C22446","High"
"C25443","Medium"
"C30798","Low"
"C26210","Low"
"C23285","High"
"C23667","High"
"C27482","Low"
"C29289","Low"
"C22837","Medium"
"C29453","Medium"
"C30827","Medium"
"C26148","Low"
"C21403","Low"
"C30696","Low"
"C24114","Medium"
"C24637","Medium"
"C26191","Low"
"C29267","Low"
"C25011","High"
"C23786","Medium"
"C24527","Medium"
"C21442","High"
"C22703","Medium"
"C23596","High"
"C22327","Low"
"C28561","Low"
"C22036","Low"
"C27396","Medium"
"C24548","Medium"
"C25317","High"
"C22158","High"
"C25089","Medium"
"C23013","Medium"
"C26282","Low"
"C30693","Low"
"C29460","Low"
"C29451","Low"
"C26287","Low"
"C22676","Medium"
"C22465","Medium"
"C24822","Low"
"C22734","Low"
"C24433","Medium"
"C27312","Low"
"C22123","Medium"
"C23623","Medium"
"C24041","Low"
"C28683","Low"
"C30760","Low"
"C28735","Low"
"C25373","Medium"
"C29370","Low"
"C24326","Medium"
"C24709","Low"
"C23144","Medium"
"C23217","Medium"
"C21217","Medium"
"C24240","Medium"
"C28685","Low"
"C21150","Medium"
"C21530","Low"
"C22089","Low"
"C27240","Low"
"C26301","Low"
"C29442","Low"
"C23991","High"
"C21548","High"
"C25164","Medium"
"C26388","Low"
"C30758","Low"
"C23564","Medium"
"C30689","Low"
"C21435","High"
"C23559","Medium"
"C21477","Medium"
"C22477","Medium"
"C21410","High"
"C25314","Medium"
"C22895","Medium"
"C21704","High"
"C21525","Low"
"C28701","Low"
"C26360","Low"
"C27402","Low"
"C29462","Low"
"C21718","Medium"
"C21695","Medium"
"C27330","Low"
"C27274","Low"
"C21166","Medium"
"C27252","Low"
"C26258","Low"
"C25010","High"
"C24066","Low"
"C30650","Low"
"C21157","High"
"C23877","High"
"C24139","High"
"C23489","High"
"C23958","Medium"
"C26190","Low"
"C21411","Medium"
"C23243","Medium"
"C30778","Low"
"C27458","Low"
"C22535","Medium"
"C23237","Medium"
"C28588","Low"
"C28575","Low"
"C22871","Low"
"C21984","High"
"C26146","Low"
"C21716","Medium"
"C21295","High"
"C29498","Low"
"C21301","High"
"C23114","Medium"
"C28801","Low"
"C24908","High"
"C22813","Medium"
"C26269","Low"
"C27437","Low"
"C22987","Medium"
"C24121","Medium"
"C26112","Low"
"C25047","Medium"
"C25058","High"
"C29403","Low"
"C23630","Medium"
"C21809","High"
"C24317","High"
"C22453","Medium"
"C24069","High"
"C23336","High"
"C29417","Low"
"C23452","Low"
"C22474","High"
"C30835","Low"
"C21912","Medium"
"C29352","Low"
"C24247","High"
"C22069","High"
"C30730","Low"
"C29418","Low"
"C25216","High"
"C30644","Low"
"C23030","Medium"
"C27420","Low"
"C21954","Low"
"C22253","Medium"
"C28702","Low"
"C22935","Medium"
"C23268","High"
"C27221","Low"
"C30677","Medium"
"C21207","Medium"
"C23569","Medium"
"C24028","Medium"
"C23650","High"
"C23119","High"
"C28579","Low"
"C23840","Medium"
"C24341","Medium"
"C29315","Low"
"C30823","Low"
"C22346","Medium"
"C22928","Medium"
"C30790","Low"
"C24648","High"
"C26319","Low"
"C23331","Low"
"C26349","Low"
"C24357","High"
"C28746","High"
"C22201","High"
"C22766","High"
"C21651","Medium"
"C22355","Medium"
"C30828","Low"
"C22843","High"
"C26180","Low"
"C26404","Low"
"C21715","Medium"
"C22520","High"
"C22698","Medium"
"C30751","Low"
"C21790","Medium"
"C29395","Low"
"C30841","Low"
"C21904","Low"
"C28698","Low"
"C24576","Low"
"C23457","Medium"
"C23795","Medium"
"C30826","Low"
"C21577","Medium"
"C23086","High"
"C25230","High"
"C22967","High"
"C27363","Low"
"C22371","Medium"
"C24080","Low"
"C22718","High"
"C22236","Medium"
"C28854","Low"
"C22991","Medium"
"C23960","High"
"C21259","Medium"
"C24389","Medium"
"C24977","Medium"
"C24676","Medium"
"C29492","Low"
"C28625","Low"
"C24854","High"
"C22865","High"
"C23394","Medium"
"C22035","Medium"
"C27463","Low"
"C28850","Low"
"C24471","Medium"
"C23028","Medium"
"C29381","Low"
"C30561","Low"
"C24769","High"
"C21722","Medium"
"C23993","High"
"C21674","Medium"
"C30610","Low"
"C30662","Low"
"C24587","Low"
"C26165","Low"
"C22059","Medium"
"C27464","Low"
"C25382","Medium"
"C26268","Low"
"C21953","High"
"C23175","High"
"C25115","Medium"
"C24213","Medium"
"C29500","Low"
"C30811","Low"
"C21416","High"
"C22481","Low"
"C28594","Low"
"C27253","Low"
"C26213","Low"
"C21997","High"
"C21815","High"
"C29273","Low"
"C30652","Low"
"C23829","Medium"
"C22052","Medium"
"C24572","High"
"C22671","Medium"
"C22440","Medium"
"C25229","High"
"C22733","High"
"C27237","Medium"
"C21636","High"
"C27278","Medium"
"C23620","Medium"
"C26231","Low"
"C25029","Medium"
"C23706","Medium"
"C24814","Medium"
"C21117","Medium"
"C22361","Low"
"C30559","Low"
"C22352","High"
"C30574","Low"
"C22866","High"
"C25187","High"
"C28724","Low"
"C21761","High"
"C21830","High"
"C25106","High"
"C23619","Medium"
"C27308","Low"
"C29232","Low"
"C21497","High"
"C23792","Medium"
"C25272","Low"
"C21593","High"
"C30761","High"
"C22557","Medium"
"C21368","Medium"
"C25149","Low"
"C26325","Low"
"C23111","High"
"C23197","Low"
"C22740","Low"
"C21552","Medium"
"C23191","Medium"
"C22107","High"
"C30744","Low"
"C30590","Low"
"C28747","Low"
"C23053","High"
"C23804","High"
"C21564","Medium"
"C27382","Low"
"C23384","Medium"
"C26128","Low"
"C22074","Medium"
"C23735","High"
"C26250","Low"
"C21441","High"
"C27213","High"
"C29495","Low"
"C23172","Low"
"C22870","High"
"C21305","High"
"C24123","High"
"C30741","Low"
"C28578","Low"
"C21239","High"
"C29259","Low"
"C22820","Medium"
"C28705","Low"
"C25110","High"
"C23682","Medium"
"C26405","Low"
"C21316","High"
"C26124","Low"
"C23075","High"
"C27250","Low"
"C24207","High"
"C22662","High"
"C26343","Low"
"C21611","Medium"
"C27256","Low"
"C29361","Low"
"C26168","Low"
"C28780","Low"
"C21555","Medium"
"C29511","Low"
"C26341","Low"
"C23287","High"
"C22955","Medium"
"C22264","High"
"C24398","Medium"
"C27448","Low"
"C24161","Medium"
"C24497","Medium"
"C24963","Medium"
"C24159","High"
"C24034","Medium"
"C21191","High"
"C21350","High"
"C28640","High"
"C26212","Low"
"C22241","Medium"
"C24852","High"
"C24870","High"
"C30684","Low"
"C26362","Low"
"C24252","High"
"C27423","Low"
"C24284","Medium"
"C30780","Low"
"C24485","Medium"
"C30805","Low"
"C30555","Low"
"C25210","Low"
"C29479","Low"
"C21205","High"
"C24355","High"
"C23896","Medium"
"C27390","Low"
"C26353","Low"
"C27301","Low"
"C23155","Medium"
"C27370","Low"
"C21946","Medium"
"C22678","Medium"
"C24942","Medium"
"C28786","Low"
"C24441","High"
"C24110","Medium"
"C21417","Medium"
"C28753","Low"
"C21765","Medium"
"C21587","High"
"C27384","Low"
"C30571","Low"
"C29487","Low"
"C27430","Low"
"C21270","Medium"
"C22430","High"
"C25032","Medium"
"C22366","Medium"
"C29344","Low"
"C22064","Medium"
"C26293","Low"
"C21911","High"
"C26366","Low"
"C22944","High"
"C23173","High"
"C24687","High"
"C21631","High"
"C30580","Low"
"C28817","Low"
"C24425","Low"
"C26216","Low"
"C27405","Low"
"C26119","Low"
"C28763","Low"
"C21331","Medium"
"C27442","Low"
"C29337","Low"
"C26187","Low"
"C23181","Low"
"C21324","High"
"C23104","Low"
"C22625","Medium"
"C30629","Low"
"C23094","High"
"C22780","Medium"
"C29291","Low"
"C27226","Low"
"C23672","High"
"C29333","High"
"C30721","Low"
"C22326","Medium"
"C28657","Low"
"C25416","Medium"
"C26328","Low"
"C23428","High"
"C24454","Medium"
"C26255","Low"
"C29242","Medium"
"C23220","High"
"C21592","High"
"C24628","High"
"C25358","High"
"C21561","High"
"C22747","Low"
"C24564","Medium"
"C25402","Medium"
"C27462","Low"
"C23763","Medium"
"C24292","High"
"C25292","Medium"
"C28827","Low"
"C28856","Low"
"C21390","High"
"C23902","High"
"C23024","Medium"
"C30682","Low"
"C26265","Low"
"C21735","Medium"
"C30845","Low"
"C22395","High"
"C21504","High"
"C28565","Low"
"C21957","Medium"
"C24729","Medium"
"C22043","Medium"
"C21209","Low"
"C24001","High"
"C30656","Low"
"C22655","Medium"
"C23420","Medium"
"C24387","Low"
"C26254","Low"
"C22207","High"
"C29456","Low"
"C30613","Low"
"C29359","Low"
"C25100","Medium"
"C26334","Low"
"C27327","Low"
"C28607","Low"
"C24166","Medium"
"C23996","Low"
"C22025","Low"
"C23752","Medium"
"C22486","Medium"
"C21307","Medium"
"C24630","Medium"
"C24088","Low"
"C21857","Low"
"C22651","Medium"
"C24339","High"
"C30720","Low"
"C21612","Low"
"C30672","Low"
"C23034","Medium"
"C28847","Low"
"C30773","High"
"C21219","High"
"C30799","Low"
"C22900","Low"
"C24599","Medium"
"C29302","Low"
"C30738","Low"
"C22092","Medium"
"C23450","Low"
"C24592","Medium"
"C23969","Medium"
"C24755","Medium"
"C29328","Low"
"C23777","High"
"C23168","Medium"
"C21148","Medium"
"C21132","Medium"
"C28719","Low"
"C21675","High"
"C30829","Low"
"C29301","Low"
"C25226","High"
"C27242","Low"
"C24451","High"
"C30607","Low"
"C26352","Low"
"C24473","High"
"C26166","Medium"
"C21218","Medium"
"C23364","High"
"C27244","Low"
"C24660","Low"
"C27412","Low"
"C22018","Low"
"C22790","Medium"
"C26197","Low"
"C28680","Low"
"C22825","Medium"
"C21121","Medium"
"C28688","Low"
"C21892","Medium"
"C21347","Medium"
"C24374","Medium"
"C22818","Medium"
"C23977","Medium"
"C26159","Low"
"C21450","Medium"
"C24919","High"
"C27479","Low"
"C22588","Medium"
"C29360","Low"
"C21950","High"
"C21459","High"
"C24142","Medium"
"C23761","Medium"
"C23783","Medium"
"C27267","Low"
"C21286","High"
"C22185","High"
"C23884","Low"
"C28852","Low"
"C24236","High"
"C29436","Low"
"C24199","High"
"C21863","High"
"C21875","High"
"C23309","High"
"C24819","Medium"
"C24654","High"
"C27349","Low"
"C26199","Low"
"C24781","Medium"
"C26179","Low"
"C21774","Medium"
"C30793","Low"
"C22848","High"
"C23265","Medium"
"C24553","High"
"C26177","Low"
"C29478","Low"
"C29264","Low"
"C21186","Medium"
"C24644","Low"
"C26184","Low"
"C23593","Medium"
"C22173","High"
"C21202","Medium"
"C30809","Low"
"C27329","High"
"C29246","Low"
"C24019","High"
"C30705","Low"
"C23722","Low"
"C26140","Low"
"C23251","High"
"C21638","Low"
"C22582","High"
"C23003","Medium"
"C22471","High"
"C23625","Low"
"C30817","Low"
"C21729","Medium"
"C21333","Medium"
"C22487","High"
"C27493","Low"
"C28691","Low"
"C23652","Medium"
"C25143","Medium"
"C24691","Low"
"C21343","Medium"
"C24833","High"
"C23006","Low"
"C28794","Low"
"C25311","Medium"
"C21821","Medium"
"C30700","Low"
"C21755","Medium"
"C24262","High"
"C24101","Low"
"C24794","Low"
"C22725","Medium"
"C24340","High"
"C28602","Low"
"C25085","Medium"
"C21479","Low"
"C23493","High"
"C21363","Medium"
"C22863","High"
"C25033","Medium"
"C21136","Medium"
"C25260","Medium"
"C23566","Medium"
"C24961","High"
"C24658","Medium"
"C24146","High"
"C24853","Medium"
"C24600","Medium"
"C22615","Low"
"C21599","High"
"C27438","Low"
"C28853","Low"
"C24359","Medium"
"C29432","Low"
"C24010","Medium"
"C22470","Medium"
"C29461","Low"
"C21156","Low"
"C22335","High"
"C21768","Medium"
"C22787","Medium"
"C24968","Medium"
"C29506","Low"
"C30664","Low"
"C23759","High"
"C23382","Medium"
"C27378","Low"
"C28611","Low"
"C21463","Low"
"C26377","Low"
"C23312","Low"
"C21312","Low"
"C24531","High"
"C23572","Medium"
"C24366","High"
"C29426","Low"
"C21907","Low"
"C21682","High"
"C23765","Medium"
"C28709","Low"
"C21817","Medium"
"C21975","Medium"
"C25132","High"
"C23859","Medium"
"C26272","Low"
"C29446","Low"
"C21174","High"
"C24756","Medium"
"C26369","Low"
"C24429","Medium"
"C21643","Medium"
"C27264","Low"
"C24652","Medium"
"C21858","Medium"
"C25026","Medium"
"C29527","Low"
"C23264","Medium"
"C22634","Medium"
"C28679","Low"
"C22248","High"
"C24057","Medium"
"C25074","Low"
"C24605","Medium"
"C23952","Medium"
"C28841","Low"
"C25083","Low"
"C30659","Low"
"C23049","Medium"
"C21344","Medium"
"C25324","Low"
"C27255","Low"
"C30709","Low"
"C26220","Low"
"C24145","Medium"
"C24590","Medium"
"C28766","Low"
"C30605","Low"
"C30699","Low"
"C29490","Low"
"C21446","Medium"
"C28737","Low"
"C21348","Low"
"C26257","High"
"C24087","Medium"
"C22697","Medium"
"C27357","Low"
"C24174","Medium"
"C23838","High"
"C30667","Low"
"C22720","High"
"C25356","Low"
"C29303","Low"
"C22946","High"
"C28839","High"
"C24727","High"
"C28572","Low"
"C30785","Low"
"C23963","Medium"
"C29428","Low"
"C25195","Medium"
"C26307","Low"
"C22131","Low"
"C28773","Low"
"C24186","Medium"
"C27333","Low"
"C21898","High"
"C23803","Medium"
"C27490","Low"
"C26245","Low"
"C21215","Medium"
"C27385","Low"
"C23622","Medium"
"C23062","Medium"
"C23199","High"
"C21559","Medium"
"C28848","Low"
"C23124","High"
"C28710","Low"
"C23182","Medium"
"C22637","Medium"
"C23971","Medium"
"C21881","Medium"
"C30593","Low"
"C21314","Medium"
"C22973","Medium"
"C27328","Low"
"C24415","High"
"C21389","High"
"C30810","Low"
"C23239","Medium"
"C23686","High"
"C23374","High"
"C24298","High"
"C21798","Medium"
"C26344","Low"
"C28783","Low"
"C23891","Medium"
"C21678","High"
"C30618","Low"
"C23539","High"
"C25107","High"
"C21320","Medium"
"C25348","Medium"
"C22452","Medium"
"C22516","Medium"
"C29406","Low"
"C27262","Low"
"C21146","High"
"C22844","Medium"
"C28831","Low"
"C23406","High"
"C24735","Medium"
"C26365","Low"
"C24297","Medium"
"C27472","Low"
"C28603","Low"
"C21783","Medium"
"C28761","Low"
"C22044","Low"
"C23255","Medium"
"C21524","High"
"C22216","Medium"
"C28858","Low"
"C23078","Medium"
"C29515","Low"
"C25366","High"
"C30572","Low"
"C23044","Low"
"C24701","High"
"C21632","Medium"
"C22460","Medium"
"C24098","Low"
"C21891","High"
"C26137","Low"
"C26118","Low"
"C23501","Medium"
"C25022","High"
"C22563","High"
"C21401","Medium"
"C23284","Medium"
"C27422","Low"
"C22778","Medium"
"C22007","High"
"C23644","Medium"
"C21197","High"
"C27434","Low"
"C23899","High"
"C24328","Medium"
"C28815","Low"
"C22479","Medium"
"C23390","High"
"C27470","Low"
"C29268","Low"
"C28838","Low"
"C25211","Low"
"C22668","Medium"
"C24003","Medium"
"C23356","High"
"C22427","Medium"
"C23866","High"
"C29263","Low"
"C23807","Medium"
"C28687","Medium"
"C28652","Low"
"C24210","Medium"
"C23822","Medium"
"C30668","Low"
"C28694","Low"
"C23179","High"
"C23303","High"
"C25318","Medium"
"C27404","Low"
"C23351","High"
"C23684","High"
"C22290","High"
"C21451","High"
"C23009","Low"
"C21172","High"
"C26142","Low"
"C27331","Low"
"C24635","Low"
"C30781","Low"
"C26214","Low"
"C23773","High"
"C23839","Medium"
"C22451","High"
"C24383","High"
"C27358","Low"
"C22504","Medium"
"C28722","Low"
"C24722","Medium"
"C21939","Medium"
"C22597","High"
"C22882","Low"
"C21456","Medium"
"C24638","High"
"C23812","High"
"C21752","High"
"C27502","Low"
"C23865","Medium"
"C25016","Medium"
"C28808","Medium"
"C26154","Low"
"C25071","High"
"C24268","Medium"
"C24205","Low"
"C22417","Medium"
"C21238","Medium"
"C23110","High"
"C30800","Low"
"C22995","High"
"C21924","Low"
"C28760","Low"
"C23084","Low"
"C24848","High"
"C22416","High"
"C21647","High"
"C21235","Medium"
"C25081","Medium"
"C23433","High"
"C25075","High"
"C21458","High"
"C21646","High"
"C21714","Medium"
"C24739","Low"
"C30596","Low"
"C27284","Low"
"C24165","Medium"
"C30681","High"
"C29363","Low"
"C25039","Low"
"C24667","High"
"C22142","High"
"C28742","Low"
"C25410","Medium"
"C28822","Low"
"C24018","Medium"
"C26304","Low"
"C29286","Low"
"C24327","High"
"C21426","Medium"
"C25163","Medium"
"C23415","Medium"
"C22969","Medium"
"C22532","Low"
"C22270","Medium"
"C23097","Medium"
"C26295","Low"
"C22367","High"
"C23847","High"
"C22058","Medium"
"C22011","Low"
"C24598","Medium"
"C22603","Medium"
"C30764","Medium"
"C21360","Medium"
"C26267","Low"
"C27485","Medium"
"C21650","High"
"C23821","High"
"C30729","Low"
"C29255","Low"
"C24523","High"
"C23830","Medium"
"C27280","Low"
"C28577","Low"
"C30558","High"
"C28609","Low"
"C23658","High"
"C22338","Medium"
"C25144","Medium"
"C23016","Low"
"C21424","Medium"
"C29445","Low"
"C22116","Medium"
"C30604","Low"
"C24120","Low"
"C24134","High"
"C30695","Low"
"C21749","High"
"C26195","Low"
"C23976","High"
"C24721","Medium"
"C26205","Low"
"C23636","High"
"C22842","Medium"
"C28797","Low"
"C25246","High"
"C23552","Medium"
"C22078","Medium"
"C22858","Medium"
"C29473","Low"
"C23262","Medium"
"C22240","Medium"
"C27316","Low"
"C29235","Low"
"C27446","Low"
"C27429","Low"
"C21795","Medium"
"C29443","Low"
"C23021","High"
"C22984","Low"
"C24202","High"
"C30704","Low"
"C22099","High"
"C23703","Medium"
"C24552","High"
"C22958","Medium"
"C21528","High"
"C24132","Medium"
"C21125","Medium"
"C29311","Low"
"C28632","Low"
"C25281","Medium"
"C24935","High"
"C21719","High"
"C22894","Medium"
"C24856","Medium"
"C24401","High"
"C23909","High"
"C28820","Low"
"C30707","Low"
"C29257","Low"
"C24747","Medium"
"C21216","High"
"C22003","Medium"
"C25341","High"
"C21602","Medium"
"C26310","Low"
"C30641","Low"
"C25203","High"
"C25363","Medium"
"C23388","High"
"C24514","High"
"C30770","Low"
"C29298","Low"
"C21380","Medium"
"C27366","Low"
"C28686","Low"
"C23649","Medium"
"C23026","Medium"
"C26386","Low"
"C22287","High"
"C23479","Low"
"C28649","Low"
"C24958","Medium"
"C27476","Low"
"C24894","Medium"
"C28664","Low"
"C26225","Low"
"C22692","Medium"
"C23553","High"
"C21607","High"
"C25322","High"
"C26243","Low"
"C21275","High"
"C29314","Low"
"C22137","Medium"
"C25158","High"
"C23591","Low"
"C28624","Low"
"C22378","High"
"C22600","Medium"
"C23836","High"
"C22249","High"
"C21288","High"
"C28615","Low"
"C29274","Low"
"C26185","Low"
"C22526","Medium"
"C29308","Low"
"C22574","Medium"
"C24004","High"
"C27286","Low"
"C27318","Low"
"C22379","High"
"C23740","Medium"
"C21283","Medium"
"C21969","Medium"
"C24493","Medium"
"C27417","Low"
"C28756","Low"
"C30680","Low"
"C21119","High"
"C21747","High"
"C25148","Medium"
"C21455","High"
"C22217","Medium"
"C26289","Low"
"C23771","Medium"
"C22238","Medium"
"C30690","Low"
"C27325","Low"
"C21759","Medium"
"C24361","Medium"
"C30843","Low"
"C27452","Low"
"C26153","Low"
"C21485","High"
"C26253","Low"
"C21214","Low"
"C24458","High"
"C23143","Medium"
"C23701","Medium"
"C26372","Medium"
"C26391","Low"
"C24519","High"
"C23965","Medium"
"C22506","Medium"
"C22861","High"
"C22006","Medium"
"C25046","Medium"
"C23879","High"
"C24588","Medium"
"C27297","Low"
"C29346","Low"
"C24491","Medium"
"C29354","Low"
"C22661","High"
"C23441","Medium"
"C28618","Low"
"C23502","Medium"
"C26382","Low"
"C25008","High"
"C22754","Medium"
"C30691","Low"
"C30621","Low"
"C24464","Medium"
"C24962","High"
"C23687","Medium"
"C26330","Low"
"C30632","Low"
"C23582","High"
"C24948","Low"
"C30749","Low"
"C23628","High"
"C21407","Medium"
"C30787","Low"
"C24228","High"
"C21540","Medium"
"C22005","High"
"C22730","Medium"
"C24973","Medium"
"C22159","Low"
"C24311","High"
"C21571","Medium"
"C27477","Low"
"C22242","High"
"C30623","Low"
"C21245","High"
"C24777","Medium"
"C22611","Medium"
"C28729","Low"
"C22687","High"
"C26207","Low"
"C22803","Low"
"C23278","Medium"
"C26299","Low"
"C21164","Medium"
"C29389","Low"
"C29399","Low"
"C22523","Medium"
"C23712","High"
"C29518","Low"
"C23043","Low"
"C21851","High"
"C24331","Medium"
"C24486","Medium"
"C24937","Medium"
"C23497","Medium"
"C22441","Medium"
"C23100","Medium"
"C28736","Low"
"C22202","Medium"
"C29319","Low"
"C26130","Low"
"C22388","High"
"C27296","Low"
"C26261","Low"
"C28740","Low"
"C28784","Low"
"C26370","Low"
"C21670","Medium"
"C29309","High"
"C29335","Low"
"C26408","Medium"
"C21960","Medium"
"C24766","High"
"C22169","High"
"C23246","High"
"C28768","Low"
"C27474","Low"
"C28641","Low"
"C30737","Low"
"C22111","Medium"
"C22414","Medium"
"C21791","Medium"
"C23702","Medium"
"C21744","Medium"
"C21879","High"
"C30648","Low"
"C27467","Low"
"C22862","Medium"
"C30807","Low"
"C24158","Medium"
"C30692","Low"
"C22728","Low"
"C25414","Medium"
"C28672","Low"
"C30846","Low"
"C23103","Medium"
"C22653","Medium"
"C27302","Low"
"C21408","Low"
"C26218","Medium"
"C21914","Medium"
"C30739","Low"
"C24975","Medium"
"C28712","Low"
"C29321","Low"
"C30620","Low"
"C28635","Low"
"C22989","Medium"
"C22731","Medium"
"C23087","High"
"C24653","Medium"
"C24024","Medium"
"C23102","Medium"
"C27431","Low"
"C27258","Low"
"C22095","High"
"C22086","Medium"
"C21349","Medium"
"C23247","High"
"C22155","Medium"
"C24448","Medium"
"C23495","Medium"
"C25335","Medium"
"C27487","Low"
"C25329","High"
"C24282","High"
"C25190","Medium"
"C23788","Low"
"C21787","Medium"
"C21884","Low"
"C24309","Medium"
"C26316","Low"
"C22450","Low"
"C29271","Low"
"C22547","Medium"
"C24855","Low"
"C23633","High"
"C29505","Low"
"C25222","Medium"
"C29290","Low"
"C21517","Low"
"C27319","Low"
"C28813","Low"
"C25178","Medium"
"C22966","Medium"
"C28706","Low"
"C30643","Low"
"C24589","High"
"C24597","Medium"
"C29386","High"
"C22724","High"
"C23897","High"
"C24858","Medium"
"C30611","Low"
"C23318","High"
"C21725","Medium"
"C27497","Low"
"C28855","Low"
"C30581","Low"
"C24313","Medium"
"C24381","High"
"C29266","Low"
"C22983","High"
"C23221","High"
"C22252","High"
"C23681","High"
"C24294","Medium"
"C24195","Low"
"C29336","Low"
"C26371","Low"
"C24563","High"
"C28608","High"
"C24237","Low"
"C24733","Medium"
"C21596","High"
"C25298","Low"
"C24329","Low"
"C24601","Medium"
"C26229","Low"
"C26247","Low"
"C24830","Low"
"C28563","Low"
"C29388","Low"
"C23099","High"
"C27484","Low"
"C30622","Low"
"C27277","Low"
"C24257","Low"
"C22757","Medium"
"C27379","Low"
"C29376","Low"
"C23070","Medium"
"C26122","Low"
"C24742","Medium"
"C24659","Low"
"C30645","Medium"
"C28807","Low"
"C24704","Medium"
"C27498","Low"
"C27508","Low"
"C29501","Medium"
"C24299","Low"
"C22845","Medium"
"C23590","Medium"
"C30578","Low"
"C21165","Medium"
"C28770","Low"
"C25430","High"
"C26120","Low"
"C22418","Medium"
"C24570","Medium"
"C25387","Low"
"C21933","Medium"
"C27269","Low"
"C22916","High"
"C28791","Low"
"C26399","Low"
"C22998","High"
"C22055","Medium"
"C24051","High"
"C23439","Low"
"C26298","Low"
"C22889","Low"
"C26321","Low"
"C23624","Medium"
"C30820","Low"
"C25188","Medium"
"C24683","Medium"
"C30808","Low"
"C22834","High"
"C22833","High"
"C21188","Low"
"C22674","Low"
"C22838","Medium"
"C21890","Medium"
"C24071","Low"
"C30674","Low"
"C24190","High"
"C26401","Low"
"C24187","Medium"
"C30731","Low"
"C21276","Medium"
"C29297","Low"
"C23799","Medium"
"C22002","Medium"
"C24607","High"
"C28610","Low"
"C24895","High"
"C22798","Medium"
"C22784","Medium"
"C22119","Low"
"C22644","High"
"C22045","Medium"
"C30609","High"
"C29317","Low"
"C28696","Low"
"C24342","Medium"
"C22462","Medium"
"C26398","Low"
"C23915","High"
"C27372","Low"
"C28764","Low"
"C25396","Medium"
"C23639","Low"
"C25212","High"
"C25185","Medium"
"C21443","Medium"
"C30742","Low"
"C22711","Low"
"C26380","Low"
"C22405","High"
"C23935","Low"
"C29275","Low"
"C22689","Low"
"C25268","Medium"
"C24399","High"
"C22374","Low"
"C24506","Medium"
"C21996","Medium"
"C23115","Medium"
"C21770","Medium"
"C29419","Low"
"C24828","High"
"C27311","Medium"
"C24692","Medium"
"C22225","Medium"
"C21210","High"
"C24362","Medium"
"C22556","High"
"C21204","High"
"C24188","High"
"C26406","Low"
"C27424","Low"
"C22136","Medium"
"C26357","Low"
"C23784","Medium"
"C29373","Low"
"C21820","Medium"
"C21512","High"
"C24453","Low"
"C30631","Low"
"C26150","Low"
"C25390","Medium"
"C25395","Medium"
"C22505","High"
"C28590","Low"
"C28697","Low"
"C28802","Low"
"C29253","Low"
"C22423","High"
"C21385","Medium"
"C23518","High"
"C29485","Low"
"C29517","Low"
"C22284","Medium"
"C26233","Low"
"C29332","Low"
"C22109","High"
"C24460","Medium"
"C24393","High"
"C21274","Low"
"C25403","Low"
"C21605","High"
"C23585","High"
"C25409","High"
"C23342","Medium"
"C25386","High"
"C22976","High"
"C30676","Low"
"C25126","High"
"C30637","Low"
"C23577","Medium"
"C29372","Low"
"C25258","Medium"
"C26320","Low"
"C21138","Medium"
"C27388","Low"
"C28830","Low"
"C27230","Low"
"C22962","Medium"
"C24560","High"
"C29231","Low"
"C21839","Medium"
"C23565","Medium"
"C24726","Medium"
"C26156","Low"
"C23085","Medium"
"C22768","High"
"C23727","Medium"
"C24694","High"
"C24712","High"
"C21800","Low"
"C22103","Medium"
"C21543","Medium"
"C26172","Low"
"C21523","High"
"C24447","Medium"
"C24204","High"
"C26170","Low"
"C22938","Medium"
"C25444","Low"
"C24260","Medium"
"C24622","Low"
"C22657","Medium"
"C21466","High"
"C22186","Low"
"C23987","Medium"
"C22501","Medium"
"C26279","Low"
"C28752","Low"
"C30754","Low"
"C21568","Medium"
"C29454","Low"
"C21374","High"
"C30579","Low"
"C24528","High"
"C29299","Low"
"C22172","Medium"
"C28776","Low"
"C28692","Low"
"C22665","Medium"
"C24837","Medium"
"C22631","High"
"C30665","Low"
"C22220","High"
"C23532","Low"
"C27393","High"
"C21249","High"
"C24058","Medium"
"C21899","Medium"
"C23689","High"
"C23112","High"
"C23609","High"
"C23547","High"
"C22209","Medium"
"C21968","Medium"
"C27454","Low"
"C25062","Medium"
"C26355","Low"
"C22360","High"
"C21227","Medium"
"C25328","High"
"C27313","Low"
"C24027","High"
"C29261","Low"
"C22993","High"
"C21400","Medium"
"C22091","Medium"
"C24561","Medium"
"C24463","High"
"C24431","Low"
"C24839","High"
"C23655","Medium"
"C27231","Low"
"C29367","Low"
"C27436","Low"
"C30624","Low"
"C29400","Low"
"C24787","Medium"
"C28631","Low"
"C23895","High"
"C29377","Low"
"C23407","High"
"C25000","Low"
"C26194","Low"
"C22148","Medium"
"C21330","High"
"C26129","Low"
"C30683","Low"
"C22495","Medium"
"C24807","Medium"
"C23238","Medium"
"C23058","Low"
"C24811","High"
"C21510","Medium"
"C24302","High"
"C22545","High"
"C28811","Low"
"C30753","Low"
"C21394","High"
"C24138","Medium"
"C29447","Low"
"C23640","Medium"
"C22748","High"
"C21848","High"
"C24981","High"
"C22791","Low"
"C29397","Low"
"C30649","Low"
"C30818","Low"
"C27392","Low"
"C25342","Medium"
"C30723","Low"
"C24797","High"
"C24402","Low"
"C30762","Low"
"C26238","Low"
"C23202","High"
"C27492","Medium"
"C21606","Medium"
"C21137","High"
"C29312","Low"
"C24119","Medium"
"C24697","High"
"C30725","Low"
"C26163","Low"
"C24276","Medium"
"C27334","Low"
"C23483","Medium"
"C24825","High"
"C25051","High"
"C30608","Low"
"C22616","Low"
"C22777","High"
"C24698","High"
"C23705","Low"
"C21175","Medium"
"C27309","Low"
"C22961","Medium"
"C30832","Low"
"C25147","Medium"
"C24517","High"
"C22400","Medium"
"C26188","Low"
"C24580","High"
"C25262","High"
"C23537","Medium"
"C21649","Low"
"C23367","Medium"
"C22104","Medium"
"C30658","Low"
"C27321","Low"
"C27414","Low"
"C27494","Low"
"C28678","Low"
"C29528","Low"
"C22097","Medium"
"C25369","Medium"
"C24994","Medium"
"C21581","Medium"
"C27504","Low"
"C24779","Medium"
"C30565","Low"
"C23654","Medium"
"C26395","Low"
"C30803","Low"
"C21222","Medium"
"C23326","High"
"C27447","Low"
"C22449","High"
"C27263","Low"
"C25094","High"
"C29238","Medium"
"C23323","Medium"
"C22986","Medium"
"C21665","Low"
"C26149","Low"
"C30757","Medium"
"C29338","Low"
"C23399","Medium"
"C25224","High"
"C29404","Low"
"C26241","Low"
"C27220","Low"
"C28642","Low"
"C22072","High"
"C29371","Low"
"C24078","Low"
"C29365","Low"
"C26384","Low"
"C22805","High"
"C23389","Medium"
"C29324","Low"
"C23327","High"
"C21129","Medium"
"C24826","Medium"
"C27340","Low"
"C21521","High"
"C24353","Medium"
"C28824","Low"
"C24397","Medium"
"C21228","Medium"
"C24395","High"
"C23781","High"
"C29408","Low"
"C24316","Medium"
"C22918","Medium"
"C24557","Medium"
"C21854","High"
"C21200","High"
"C29465","Low"
"C23548","Low"
"C28788","Low"
"C28562","Low"
"C23978","Medium"
"C22340","Medium"
"C25388","High"
"C28621","Low"
"C26323","Low"
"C24929","Medium"
"C25384","High"
"C23455","High"
"C21948","High"
"C27348","Low"
"C22168","Medium"
"C28730","Low"
"C29258","Low"
"C22761","High"
"C21342","Medium"
"C29378","Low"
"C29382","Low"
"C24770","High"
"C22319","High"
"C28723","Low"
"C29488","Low"
"C23158","Medium"
"C23632","Medium"
"C30673","Low"
"C24283","Medium"
"C22887","Medium"
"C21897","High"
"C28818","Low"
"C24841","Low"
"C28851","Low"
"C23563","Medium"
"C24924","Medium"
"C29413","Low"
"C21979","Medium"
"C22429","Medium"
"C21941","Medium"
"C29475","Low"
"C26230","Low"
"C24918","Medium"
"C29237","Low"
"C22348","Medium"
"C29288","Low"
"C21601","High"
"C22387","Medium"
"C28583","Low"
"C21258","Medium"
"C26339","Low"
"C21802","High"
"C22498","Medium"
"C27307","Low"
"C23242","Low"
"C27232","High"
"C27361","Low"
"C29368","Low"
"C23747","High"
"C28671","Low"
"C23072","Low"
"C22496","High"
"C24076","High"
"C26332","Low"
"C27322","Low"
"C22670","Medium"
"C22063","High"
"C27310","Low"
"C29474","Low"
"C26176","Low"
"C26126","Low"
"C27364","Low"
"C27272","Low"
"C23370","High"
"C30552","Low"
"C29450","Low"
"C23079","High"
"C29243","Low"
"C29444","Low"
"C23292","High"
"C21372","High"
"C21352","High"
"C24775","Low"
"C29482","Low"
"C25221","Medium"
"C25048","High"
"C25360","Medium"
"C24642","Medium"
"C30628","Low"
"C30708","Low"
"C26376","Low"
"C28750","Low"
"C28644","Low"
"C26333","Low"
"C24539","Low"
"C22942","Low"
"C25101","Low"
"C21211","Low"
"C21224","High"
"C29407","Low"
"C29526","Low"
"C26224","Low"
"C23954","Medium"
"C27241","Low"
"C23769","Medium"
"C24673","Medium"
"C22090","Medium"
"C21170","Low"
"C23444","Medium"
"C21322","Medium"
"C24056","Medium"
"C29510","Low"
"C26374","Low"
"C28564","Low"
"C21988","High"
"C28837","Low"
"C29424","Low"
"C21822","Medium"
"C28720","Low"
"C22930","Medium"
"C26276","Low"
"C22392","Medium"
"C27336","Low"
"C28833","Low"
"C21627","High"
"C24582","Low"
"C27341","Low"
"C25161","Medium"
"C26393","Low"
"C22412","High"
"C22343","Medium"
"C26373","Low"
"C21246","Low"
"C26155","Low"
"C27505","Low"
"C24824","Low"
"C24172","Medium"
"C29430","Low"
"C29276","Low"
"C27273","Low"
"C23334","Medium"
"C21589","Medium"
"C29440","Low"
"C24417","Medium"
"C21731","Medium"
"C23694","Low"
"C27377","Low"
"C21573","Medium"
"C30694","Low"
"C29281","Low"
"C27352","Low"
"C27428","Low"
"C22642","Medium"
"C23211","Medium"
"C21951","High"
"C25259","Medium"
"C29438","Low"
"C24065","High"
"C21620","High"
"C21379","Medium"
"C24194","Medium"
"C27291","Low"
"C29294","Low"
"C30651","Low"
"C22624","Medium"
"C27403","Low"
"C21578","High"
"C26141","Low"
"C22829","High"
"C22751","Medium"
"C28739","Low"
"C28616","Low"
"C30586","Low"
"C21131","High"
"C21843","Medium"
"C27407","Low"
"C25310","Medium"
"C23096","High"
"C27456","Low"
"C24950","Medium"
"C29282","Low"
"C23664","Medium"
"C29507","Low"
"C28744","Low"
"C27222","Low"
"C24524","Medium"
"C22568","High"
"C27270","Low"
"C29355","Low"
"C21452","Medium"
"C25438","Medium"
"C23392","High"
"C26390","Low"
"C22494","Medium"
"C26116","Low"
"C23010","High"
"C30842","Low"
"C27460","Low"
"C25186","High"
"C27260","Low"
"C23597","Low"
"C23113","High"
"C27293","Low"
"C27406","Low"
"C30786","Low"
"C25014","High"
"C21671","High"
"C24492","Medium"
"C23662","High"
"C26345","Low"
"C27305","Low"
"C23832","High"
"C27335","Low"
"C24661","Medium"
"C22679","Medium"
"C26138","Low"
"C21398","Medium"
"C24306","High"
"C21628","Medium"
"C24200","Low"
"C25018","Medium"
"C23286","Medium"
"C23714","High"
"C28647","Low"
"C24971","Medium"
"C25301","Low"
"C23947","Medium"
"C30727","Low"
"C23889","Medium"
"C27238","Low"
"C21145","Medium"
"C22161","Medium"
"C21981","High"
"C26367","Low"
"C24215","Low"
"C21509","Medium"
"C24147","Medium"
"C23071","Low"
"C24608","Medium"
"C23279","High"
"C23645","High"
"C22793","Medium"
"C22389","Low"
"C24312","High"
"C30814","Low"
"C28810","Low"
"C23387","Medium"
"C27397","Low"
"C30564","Low"
"C24815","Medium"
"C28845","Low"
"C24626","High"
"C30670","Low"
"C23314","High"
"C26211","Low"
"C21591","Medium"
"C26111","Low"
"C21386","Medium"
"C21189","Low"
"C24650","Medium"
"C23545","High"
"C24269","High"
"C24896","Medium"
"C27391","Low"
"C21311","Medium"
"C27324","Low"
"C22243","Medium"
"C28655","Low"
"C24270","Medium"
"C23302","High"
"C29343","Low"
"C28658","Low"
"C21745","High"
"C27475","Low"
"C23823","Low"
"C23430","Medium"
"C27421","Low"
"C29233","Low"
"C24476","Medium"
"C22765","Medium"
"C21799","Low"
"C30735","Low"
"C21182","Medium"
"C25109","Medium"
"C24595","Medium"
"C24966","High"
"C23204","Medium"
"C21955","High"
"C26239","Low"
"C23901","Medium"
"C25247","High"
"C24806","Medium"
"C30679","Low"
"C28650","Low"
"C29491","Low"
"C28757","Low"
"C22310","High"
"C21527","Medium"
"C29296","Low"
"C23244","Medium"
"C22869","Medium"
"C27279","Low"
"C27227","Low"
"C28771","Low"
"C29384","Low"
"C23340","Medium"
"C21661","Medium"
"C22224","High"
"C21251","Low"
"C24585","Low"
"C21392","High"
"C24768","Low"
"C22328","High"
"C26174","Low"
"C30584","Low"
"C22112","High"
"C24198","Medium"
"C23293","Medium"
"C21597","High"
"C22262","Low"
"C29520","Low"
"C22537","Medium"
"C23713","Medium"
"C21818","High"
"C22364","High"
"C25192","Medium"
"C28596","Low"
"C23066","High"
"C23313","High"
"C28846","Low"
"C24279","Medium"
"C27315","Low"
"C24254","Medium"
"C23449","High"
"C22464","Medium"
"C21569","Medium"
"C22499","Medium"
"C26314","Low"
"C29410","Low"
"C27359","Low"
"C24318","Medium"
"C26200","Low"
"C30740","Low"
"C25117","High"
"C23600","Medium"
"C30750","Low"
"C25116","Medium"
"C21141","Medium"
"C22544","Low"
"C23333","Low"
"C24403","Low"
"C27354","Low"
"C23423","High"
"C21910","Medium"
"C24581","Medium"
"C24785","Low"
"C24569","Medium"
"C23150","High"
"C24546","Medium"
"C28600","Low"
"C27314","Low"
"C30765","Low"
"C22903","High"
"C22344","High"
"C21468","Medium"
"C28732","Low"
"C28812","Low"
"C28645","Low"
"C24810","Medium"
"C21626","Medium"
"C22922","High"
"C21332","High"
"C28568","Low"
"C29331","Low"
"C21958","Medium"
"C22304","Low"
"C23138","Medium"
"C26147","Low"
"C26217","High"
"C29412","Low"
"C29522","Low"
"C29329","Low"
"C23045","Low"
"C22807","Medium"
"C22022","Medium"
"C21900","High"
"C27257","Low"
"C24909","Low"
"C25092","Low"
"C30663","Low"
"C29300","Low"
"C21635","Medium"
"C22083","Medium"
"C23715","High"
"C25316","Medium"
"C24990","High"
"C23724","Medium"
"C22525","High"
"C26131","Low"
"C22071","Medium"
"C27344","Low"
"C23985","Medium"
"C21834","Medium"
"C24191","Medium"
"C30653","Low"
"C21878","High"
"C30748","Low"
"C21317","Medium"
"C28769","Low"
"C23894","Low"
"C23734","High"
"C22373","High"
"C23466","Low"
"C28601","Low"
"C26244","Low"
"C28619","Low"
"C24104","Medium"
"C22534","Medium"
"C25293","Medium"
"C24861","Medium"
"C24368","Low"
"C22936","Medium"
"C24790","High"
"C21266","High"
"C26193","Low"
"C24543","Low"
"C26317","Low"
"C24911","Low"
"C21454","Low"
"C26132","Low"
"C21169","Medium"
"C24985","Medium"
"C29421","Low"
"C30570","Low"
"C28571","Low"
"C21812","Medium"
"C22013","Low"
"C24386","Low"
"C30619","Low"
"C29316","Low"
"C27251","Low"
"C23926","Medium"
"C28703","Low"
"C22391","Medium"
"C21240","Medium"
"C30599","Low"
"C23779","High"
"C28582","Low"
"C22579","Medium"
"C28638","Low"
"C24430","Medium"
"C22675","High"
"C27394","Low"
"C27339","Low"
"C27503","Low"
"C21760","Medium"
"C28762","Low"
"C26350","Low"
"C27426","Low"
"C24461","Medium"
"C21788","Medium"
"C29241","Low"
"C30573","Low"
"C28682","Low"
"C27248","Low"
"C26324","Low"
"C24157","High"
"C24758","Medium"
"C26223","Low"
"C23189","High"
"C21642","Low"
"C24851","High"
"C24201","Medium"
"C27466","Low"
"C29387","Low"
"C29240","High"
"C21128","Medium"
"C30794","Low"
"C25145","High"
"C22846","Medium"
"C28628","Low"
"C29357","Low"
"C23007","Medium"
"C26133","High"
"C22782","Medium"
"C29471","Low"
"C28828","Low"
"C22162","Medium"
"C23091","Medium"
"C30746","Low"
"C28637","Low"
"C22406","High"
"C29272","Low"
"C27418","Low"
"C22682","Medium"
"C21171","High"
"C21697","High"
"C22908","Medium"
"C23132","Medium"
"C29481","Low"
"C21300","Low"
"C21366","High"
"C24484","High"
"C24343","High"
"C28586","Low"
"C22948","Low"
"C21539","High"
"C28661","Low"
"C28699","Low"
"C26285","Low"
"C21299","Low"
"C22702","Medium"
"C22133","High"
"C22407","High"
"C22419","Medium"
"C23321","High"
"C24809","High"
"C21893","Medium"
"C24243","Medium"
"C25209","High"
"C24550","Medium"
"C29459","Low"
"C21763","Medium"
"C21706","Medium"
"C22294","Medium"
"C26219","Low"
"C23092","High"
"C21766","Medium"
"C23653","Medium"
"C22459","High"
"C29320","Low"
"C24151","High"
"C24954","Medium"
"C29318","High"
"C27268","Low"
"C23602","Medium"
"C30669","Low"
"C24887","High"
"C25442","Low"
"C30640","High"
"C21785","Low"
"C30697","Low"
"C22404","High"
"C30577","Low"
"C27249","Low"
"C27300","Low"
"C29405","Low"
"C23862","High"
"C29402","Low"
"C27276","Low"
"C21462","Medium"
"C26312","Low"
"C24413","Medium"
"C24468","Low"
"C23063","High"
"C22666","Medium"
"C28646","Low"
"C21803","High"
"C30686","Low"
"C23693","Medium"
"C28814","Low"
"C24072","High"
"C22610","High"
"C27259","Low"
"C27298","Low"
"C27219","Low"
"C25172","Medium"
"C23964","High"
"C23956","Low"
"C26161","Low"
"C29379","Low"
"C24956","Medium"
"C25441","High"
"C23892","Medium"
"C25313","High"
"C23494","Medium"
"C22943","Medium"
"C30576","Low"
"C21144","Medium"
"C25035","Medium"
"C21359","Medium"
"C25023","High"
"C22288","Medium"
"C24684","Medium"
"C22016","High"
"C24574","Medium"
"C23371","High"
"C22004","Low"
"C22134","Low"
"C22735","Medium"
"C26183","Low"
"C30634","Low"
"C23412","High"
"C22316","Medium"
"C24455","High"
"C23248","Low"
"C30606","Low"
"C21151","High"
"C24023","Medium"
"C24869","Medium"
"C29509","Low"
"C28803","Low"
"C24002","High"
"C26281","Low"
"C23245","High"
"C24336","Medium"
"C26346","Low"
"C21520","Medium"
"C30625","Low"
"C23833","High"
"C23349","High"
"C27234","Medium"
"C21243","Medium"
"C28767","Low"
"C27254","Low"
"C28718","Low"
"C23853","Medium"
"C30615","Low"
"C23151","Low"
"C23467","Medium"
"C23775","High"
"C25340","High"
"C28605","Low"
"C28675","Low"
"C27387","Low"
"C25351","Medium"
"C22704","Medium"
"C27211","Low"
"C21617","Medium"
"C30601","Low"
"C24545","Medium"
"C24106","High"
"C21345","High"
"C25080","Medium"
"C24901","Medium"
"C21176","Medium"
"C21551","Medium"
"C30589","Low"
"C23810","Medium"
"C21982","Medium"
"C24015","Medium"
"C24757","Low"
"C23990","Medium"
"C24594","Medium"
"C24621","Medium"
"C21705","Medium"
"C24537","Medium"
"C30822","Low"
"C25183","Low"
"C30566","Low"
"C27419","Low"
"C21653","High"
"C24627","High"
"C30834","Low"
"C29497","Low"
"C23037","Medium"
"C21777","Medium"
"C22598","High"
"C23529","Low"
"C24665","Medium"
"C24229","Low"
"C24944","Medium"
"C21860","Medium"
"C28825","Low"
"C21448","Medium"
"C23332","Medium"
"C25372","Medium"
"C22997","Medium"
"C24250","Medium"
"C22822","High"
"C22306","Medium"
"C22772","Low"
"C27275","Low"
"C23454","High"
"C28663","Low"
"C21498","High"
"C28844","Low"
"C27292","Low"
"C28849","Low"
"C27225","Low"
"C22705","High"
"C27362","Low"
"C22723","Medium"
"C30553","Medium"
"C21943","Medium"
"C23068","High"
"C27483","Low"
"C23073","Medium"
"C21550","Medium"
"C25009","Low"
"C24456","High"
"C22056","High"
"C29467","Low"
"C29483","Low"
"C28622","Low"
"C25093","Medium"
"C22500","Medium"
"C24029","High"
"C23876","Medium"
"C23477","Medium"
"C24892","Medium"
"C28693","Low"
"C23074","Medium"
"C23885","Medium"
"C23400","High"
"C23139","Medium"
"C23758","High"
"C23874","Medium"
"C23012","Medium"
"C26127","Low"
"C23410","Medium"
"C22073","Medium"
"C23561","Medium"
"C26151","Low"
"C25090","Low"
"C24759","Low"
"C21464","Medium"
"C22409","Medium"
"C23980","Low"
"C23163","Medium"
"C22513","Medium"
"C22245","Medium"
"C29484","Low"
"C22285","Low"
"C24031","High"
"C27451","Low"
"C23266","High"
"C22211","Medium"
"C22181","Low"
"C22283","Low"
"C23647","High"
"C21140","High"
"C28689","Low"
"C27481","Low"
"C28612","Low"
"C22271","Medium"
"C30812","Low"
"C28700","Low"
"C22227","Medium"
"C27440","Low"
"C21181","Medium"
"C25374","Medium"
"C21282","Medium"
"C21991","Medium"
"C30848","Low"
"C29448","Low"
"C21328","High"
"C23505","Low"
"C24418","High"
"C22301","High"
"C24063","Medium"
"C30627","Low"
"C24544","Low"
"C22413","Medium"
"C24046","High"
"C22442","Low"
"C30726","High"
"C24577","Medium"
"C21339","High"
"C24640","Medium"
"C30582","Low"
"C22273","Medium"
"C24724","Medium"
"C23083","High"
"C21813","High"
"C28574","Low"
"C30755","Low"
"C23808","High"
"C28659","Low"
"C24404","High"
"C21460","Medium"
"C24085","Medium"
"C21547","High"
"C23796","Medium"
"C22345","Low"
"C22879","Medium"
"C23764","Medium"
"C28569","Low"
"C29396","Low"
"C26235","Low"
"C26178","Low"
"C21507","High"
"C29234","Low"
"C29452","Low"
"C23369","Medium"
"C24308","Medium"
"C21447","High"
"C28620","Low"
"C30815","Low"
"C24220","Low"
"C22331","High"
"C29393","Low"
"C28629","Low"
"C21853","Medium"
"C21208","Medium"
"C27488","Low"
"C27367","Low"
"C21685","High"
"C27411","Low"
"C21206","Medium"
"C25193","Low"
"C23230","Medium"
"C22564","Medium"
"C22626","High"
"C22189","Medium"
"C21756","Medium"
"C23358","Medium"
"C30796","Low"
"C26303","Low"
"C23419","High"
"C26208","Low"
"C23875","Medium"
"C23890","High"
"C28674","Low"
"C21263","Medium"
"C27373","Low"
"C23162","Medium"
"C27450","Low"
"C29486","Low"
"C21655","Medium"
"C22527","Medium"
"C26209","Low"
"C24555","Medium"
"C24823","Medium"
"C22648","High"
"C25407","High"
"C21727","High"
"C30714","Low"
"C30563","Low"
"C23790","High"
"C22696","Medium"
"C22061","Medium"
"C27306","Low"
"C23938","Medium"
"C23841","Medium"
"C21178","High"
"C30736","Low"
"C22953","High"
"C23828","Medium"
"C21265","High"
"C30706","Low"
"C29383","Low"
"C23069","Medium"
"C26288","Low"
"C26201","Low"
"C30819","Low"
"C21905","Medium"
"C27443","Low"
"C29512","Low"
"C21736","Low"
"C22771","Medium"
"C24082","Medium"
"C29345","Low"
"C24091","Medium"
"C28798","Low"
"C29469","Low"
"C28821","Low"
"C21361","Medium"
"C26260","Low"
"C30825","Low"
"C23396","Medium"
"C30588","Low"
"C26189","Low"
"C23556","Medium"
"C23366","High"
"C25059","Medium"
"C22738","High"
"C23440","High"
"C27499","Low"
"C24559","Medium"
"C24416","Medium"
"C24036","Medium"
"C23041","Medium"
"C27410","Low"
"C22038","High"
"C24850","Medium"
"C22229","High"
"C27461","Low"
"C21874","High"
"C24604","Medium"
"C23627","Medium"
"C24411","High"
"C29350","Low"
"C24778","Medium"
"C22377","Low"
"C30655","Low"
"C21325","Low"
"C26326","Low"
"C24209","Medium"
"C23052","High"
"C23105","Low"
"C25197","Medium"
"C24525","Medium"
"C21351","Medium"
"C28673","Low"
"C28834","Low"
"C28716","Low"
"C24267","High"
"C24305","High"
"C22884","High"
"C26392","Low"
"C30702","Low"
"C24960","Medium"
"C22620","Medium"
"C25217","High"
"C23937","High"
"C21493","Medium"
"C28749","Low"
"C23872","High"
"C23081","High"
"C25287","Medium"
"C23490","Low"
"C29292","Low"
"C29252","Low"
"C22266","Low"
"C25327","Medium"
"C24671","Medium"
"C24013","Low"
"C22322","Medium"
"C21726","Medium"
"C27282","Medium"
"C29269","Low"
"C24124","High"
"C24952","High"
"C22094","Low"
"C24529","High"
"C30551","Low"
"C26181","Low"
"C27457","Low"
"C22562","Medium"
"C28758","Low"
"C23962","Medium"
"C28648","Low"
"C22700","High"
"C29437","Low"
"C21163","Low"
"C25337","Medium"
"C30710","Low"
"C21973","Medium"
"C24784","Low"
"C23665","Medium"
"C22743","High"
"C29256","Low"
"C21338","Medium"
"C30771","Low"
"C26337","Low"
"C22673","High"
"C25240","Medium"
"C29322","Low"
"C23612","Medium"
"C22358","Medium"
"C28795","Low"
"C24979","Medium"
"C22769","Low"
"C29313","Low"
"C23362","Medium"
"C25289","High"
"C22539","Medium"
"C22081","Medium"
"C23261","High"
"C24575","Low"
"C22311","High"
"C29521","Low"
"C21699","High"
"C29409","Low"
"C21375","Medium"
"C23641","High"
"C24623","Medium"
"C30719","Low"
"C30583","Medium"
"C22382","Medium"
"C27439","Low"
"C24197","Medium"
"C26315","Low"
"C23324","Medium"
"C22996","Low"
"C25333","High"
"C24518","Medium"
"C24964","Medium"
"C23660","Medium"
"C30831","Low"
"C21192","Medium"
"C23157","Medium"
"C23988","High"
"C28704","Low"
"C24533","Medium"
"C29496","Low"
"C22605","High"
"C24338","High"
"C21337","High"
"C24380","High"
"C27283","Medium"
"C21542","High"
"C24097","Medium"
"C29353","Low"
"C24799","High"
"C28654","Low"
"C23229","Medium"
"C30797","Low"
"C22032","Low"
"C28676","Low"
"C29523","Low"
"C23835","Medium"
"C22633","Medium"
"C24677","High"
"C25368","High"
"C21927","Medium"
"C22836","Medium"
"C23737","High"
"C23670","Medium"
"C29364","Low"
"C27453","Low"
"C23207","Medium"
"C21652","Low"
"C23711","High"
"C24516","Medium"
"C25220","Low"
"C27228","Low"
"C21180","High"
"C28633","Low"
"C21920","Low"
"C22028","Low"
"C29516","Low"
"C21888","High"
"C22618","High"
"C22686","Medium"
"C28840","Low"
"C21212","Medium"
"C23368","High"
"C22485","Medium"
"C28591","Low"
"C28585","Low"
"C22982","High"
"C28715","Low"
"C21856","High"
"C22398","Medium"
"C21292","Medium"
"C21143","High"
"C26335","Low"
"C26368","Low"
"C22802","Low"
"C21742","Medium"
"C21621","Medium"
"C25303","High"
"C28656","Low"
"C23224","High"
"C24346","High"
"C22911","Medium"
"C22321","Medium"
"C29285","Low"
"C22914","Low"
"C25063","Low"
"C29369","Low"
"C25072","Medium"
"C23730","Medium"
"C30830","Low"
"C23341","High"
"C21185","High"
"C21414","Medium"
"C21154","Low"
"C21861","High"
"C24286","Medium"
"C27236","Low"
"C23427","Low"
"C21252","Medium"
"C30776","Low"
"C30784","Low"
"C25251","Medium"
"C21644","Medium"
"C25204","High"
"C22336","Low"
"C28626","Low"
"C21867","Low"
"C21696","Medium"
"C30734","Low"
"C22456","High"
"C23699","High"
"C27375","Low"
"C21686","High"
"C26228","Low"
"C27433","Low"
"C25037","Medium"
"C27304","Low"
"C24748","Medium"
"C24562","Medium"
"C26192","Low"
"C22259","Medium"
"C22580","Medium"
"C21549","Low"
"C22433","Medium"
"C21268","High"
"C22519","High"
"C22898","Medium"
"C23397","High"
"C22381","High"
"C27399","Low"
"C30717","Low"
"C23953","High"
"C30824","High"
"C22540","Medium"
"C26234","Low"
"C27229","Low"
"C23601","High"
"C25344","High"
"C22101","Medium"
"C28836","Low"
"C28708","Low"
"C23019","Medium"
"C25288","Medium"
"C21395","High"
"C28731","Low"
"C21932","High"
"C24678","High"
"C24957","Low"
"C24314","High"
"C25392","Medium"
"C22269","Low"
"C23898","Low"
"C23728","High"
"C21618","High"
"C22717","Medium"
"C25113","Medium"
"C22565","Medium"
"C23675","High"
"C30766","Low"
"C22785","Medium"
"C23605","Low"
"C28570","Low"
"C24540","Medium"
"C22356","Low"
"C21428","Medium"
"C22732","High"
"C24947","Medium"
"C23122","Medium"
"C21576","High"
"C22522","Medium"
"C21807","Medium"
"C26378","Low"
"C21236","High"
"C23857","Medium"
"C21925","High"
"C22904","Low"
"C24917","Medium"
"C22640","Medium"
"C26309","Low"
"C27288","Low"
"C24443","Low"
"C28835","Low"
"C26385","Low"
"C30745","Low"
"C26206","Low"
"C22893","Medium"
"C24400","High"
"C21334","Low"
"C23218","High"
"C22164","Low"
"C29502","Low"
"C24741","High"
"C24978","High"
"C29463","Low"
"C28651","Low"
"C29287","Low"
"C22992","Medium"
"C30795","Low"
"C28606","Low"
"C28653","Low"
"C25002","Medium"
"C23738","Medium"
"C22228","Low"
"C26311","Low"
"C23861","Medium"
"C22425","High"
"C21986","Low"
"C22659","High"
"C24844","High"
"C30783","Low"
"C22299","Medium"
"C22250","High"
"C30675","Low"
"C24033","Medium"
"C26351","Low"
"C23337","High"
"C28793","Low"
"C22553","High"
"C24241","High"
"C21811","Medium"
"C25004","High"
"C23527","Low"
"C21677","Medium"
"C22473","Low"
"C22583","Low"
"C23595","High"
"C24248","Medium"
"C23801","Medium"
"C30635","High"
"C24234","High"
"C21837","Medium"
"C27416","Low"
"C24258","Medium"
"C25241","Medium"
"C21876","High"
"C24877","High"
"C25108","High"
"C24390","Low"
"C23910","Medium"
"C26286","Low"
"C28809","Medium"
"C22873","Medium"
"C25352","Medium"
"C23986","Low"
"C23273","High"
"C29457","Low"
"C23056","High"
"C29466","Low"
"C24743","High"
"C24987","Medium"
"C30657","Low"
"C22709","Medium"
"C30685","Low"
"C23826","Medium"
"C27351","Low"
"C30837","Low"
"C24178","Low"
"C23134","Medium"
"C23679","High"
"C23167","Medium"
"C21329","High"
"C27239","Low"
"C24226","Medium"
"C24765","Medium"
"C27347","Low"
"C28792","Low"
"C24358","High"
"C30688","Low"
"C21824","Medium"
"C22949","Medium"
"C30597","Low"
"C22808","Medium"
"C24718","Medium"
"C28677","Low"
"C28775","Low"
"C30804","Low"
"C22184","Low"
"C26397","Low"
"C24293","High"
"C28800","Low"
"C24162","Medium"
"C24412","Medium"
"C21491","Medium"
"C23638","Medium"
"C21566","Low"
"C28636","Low"
"C23249","Low"
"C23598","Medium"
"C21226","Medium"
"C30654","Low"
"C23039","High"
"C21886","Medium"
"C21383","Medium"
"C24789","High"
"C23057","High"
"C28667","Low"
"C23692","High"
"C25005","High"
"C24568","Medium"
"C21903","High"
"C22710","Medium"
"C22840","Low"
"C25244","High"
"C24445","Medium"
"C28787","Low"
"C23955","High"
"C28734","Low"
"C22445","Low"
"C21488","Medium"
"C23543","Low"
"C26198","Low"
"C22178","Medium"
"C22204","Low"
"C21306","Medium"
"C26277","Low"
"C21326","Medium"
"C30732","Low"
"C22239","High"
"C27281","Low"
"C24725","Medium"
"C21641","Low"
"C22458","Medium"
"C22851","High"
"C21923","Medium"
"C26387","Low"
"C29411","Low"
"C25307","Low"
"C27290","Low"
"C22650","Medium"
"C26135","Low"
"C30698","Low"
"C30602","Low"
"C29265","Low"
"C22041","Medium"
"C24988","High"
"C26318","Low"
"C21457","High"
"C28857","Low"
"C23827","Low"
"C24791","High"
"C21616","Medium"
"C23573","Low"
"C21580","Medium"
"C21440","Low"
"C29245","Low"
"C25270","Medium"
"C26363","Low"
"C21190","High"
"C25433","Medium"
"C22354","Medium"
"C27326","Low"
"C24377","Medium"
"C27338","Low"
"C23581","High"
"C24996","Low"
"C24053","High"
"C22835","High"
"C24798","Medium"
"C22151","Low"
"C21397","Medium"
"C30557","Low"
"C23198","High"
"C30767","Low"
"C25036","Low"
"C22308","Low"
"C27471","Low"
"C26186","Low"
"C26294","Low"
"C25167","High"
"C22034","High"
"C28748","Low"
"C26274","Low"
"C30779","Low"
"C29323","Low"
"C27473","Low"
"C29342","Low"
"C21225","Medium"
"C28643","Low"
"C23676","Low"
"C23148","Low"
"C30816","Low"
"C30567","Low"
"C27480","High"
"C21582","Medium"
"C27233","Low"
"C26221","Low"
"C28669","Low"
"C21977","Medium"
"C24745","Medium"
"C27218","Medium"
"C23949","Medium"
"C27469","Low"
"C29380","Low"
"C27395","Low"
"C24196","Medium"
"C24549","Medium"
"C21877","High"
"C22872","Medium"
"C27246","Low"
"C21666","High"
"C23416","High"
"C22208","Medium"
"C27299","Low"
"C23288","Medium"
"C21717","Medium"
"C21502","Medium"
"C28804","Low"
"C27355","Low"
"C21992","Medium"
"C23992","Medium"
"C22575","Medium"
"C23281","Medium"
"C22012","High"
"C24135","High"
"C25007","Low"
"C24180","High"
"C25309","Medium"
"C24921","Low"
"C21124","High"
"C24889","High"
"C23535","High"
"C27346","Low"
"C27289","Low"
"C29325","Low"
"C23648","Low"
"C26246","Low"
"C22067","High"
"C23820","Low"
"C29326","Low"
"C21183","Medium"
"C29480","Low"
"C21808","High"
"C23806","High"
"C24367","Low"
"C24612","High"
"C22324","High"
"C24068","Medium"
"C23629","High"
"C26359","Low"
"C23465","High"
"C22737","Low"
"C29494","Low"
"C22695","Medium"
"C22188","High"
"C27368","Low"
"C24438","Medium"
"C22929","Low"
"C21610","Medium"
"C26196","Low"
"C30687","Low"
"C23095","High"
"C22690","Medium"
"C24965","Low"
"C24502","Medium"
"C21278","Low"
"C28598","Low"
"C26114","Low"
"C28660","Low"
"C21801","Medium"
"C25064","Medium"
"C21427","Medium"
"C21516","Medium"
"C22736","High"
"C28665","Low"
"C27486","Low"
"C27320","Low"
"C24232","Medium"
"C24928","High"
"C24946","Medium"
"C22826","Medium"
"C23171","High"
"C22362","Medium"
"C23663","Medium"
"C23607","Medium"
"C30759","Low"
"C23579","Medium"
"C21391","Low"
"C27266","Low"
"C23805","Medium"
"C22968","Low"
"C24272","High"
"C24843","Medium"
"C30671","Low"
"C26169","Low"
"C23941","Medium"
"C22359","Medium"
"C23474","Medium"
"C30595","Low"
"C21430","High"
"C29307","Low"
"C21315","Medium"
"C23818","Medium"
"C24662","Medium"
"C25056","Low"
"C24821","Medium"
"C24064","High"
"C23425","Medium"
"C23770","Low"
"C30612","Low"
"C27401","Low"
"C21505","Medium"
"C21656","Medium"
"C21841","Medium"
"C23361","Low"
"C22511","Low"
"C30801","Low"
"C23283","High"
"C25300","Medium"
"C26203","Low"
"C24259","Medium"
"C28805","High"
"C25231","High"
"C22226","High"
"C28711","Low"
